{
  "project_info": {
    "project_number": "1065419017687",
    "project_id": "dbgrp3",
    "storage_bucket": "dbgrp3.appspot.com"
  },
  "client": [
    {
      "client_info": {
        "mobilesdk_app_id": "1:1065419017687:android:ec4e097d476ce39c540f92",
        "android_client_info": {
          "package_name": "dtu.engtech.estimoteproximity103"
        }
      },
      "oauth_client": [
        {
          "client_id": "1065419017687-37va3cirvj7l65am4enh59tsd6dhhpk3.apps.googleusercontent.com",
          "client_type": 3
        }
      ],
      "api_key": [
        {
          "current_key": "AIzaSyBiJnFVpgAhr5CpGKiGsTO6wWBFS3AL8YE"
        }
      ],
      "services": {
        "appinvite_service": {
          "other_platform_oauth_client": [
            {
              "client_id": "1065419017687-37va3cirvj7l65am4enh59tsd6dhhpk3.apps.googleusercontent.com",
              "client_type": 3
            }
          ]
        }
      }
    },
    {
      "client_info": {
        "mobilesdk_app_id": "1:1065419017687:android:90aebd3c4e94d819540f92",
        "android_client_info": {
          "package_name": "dtu.engtech.iabr.stateincompose"
        }
      },
      "oauth_client": [
        {
          "client_id": "1065419017687-37va3cirvj7l65am4enh59tsd6dhhpk3.apps.googleusercontent.com",
          "client_type": 3
        }
      ],
      "api_key": [
        {
          "current_key": "AIzaSyBiJnFVpgAhr5CpGKiGsTO6wWBFS3AL8YE"
        }
      ],
      "services": {
        "appinvite_service": {
          "other_platform_oauth_client": [
            {
              "client_id": "1065419017687-37va3cirvj7l65am4enh59tsd6dhhpk3.apps.googleusercontent.com",
              "client_type": 3
            }
          ]
        }
      }
    }
  ],
  "configuration_version": "1"
}